time,strategy,exchange,identifier,symbol,side,type,status,price,filled_quantity,multiplier,trade_cost,trade_slippage,time_in_force,asset.right,asset.strike,asset.multiplier,asset.expiration,asset.asset_type,audit.schema_version,audit.submit.time,audit.submit.order_class,audit.submit.order_type,audit.submit.side,audit.submit.time_in_force,audit.submit.quantity,audit.submit.limit_price,audit.submit.stop_price,audit.submit.asset.symbol,audit.submit.asset.asset_type,audit.submit.asset.right,audit.submit.asset.strike,audit.submit.asset.expiration,audit.submit.asset.multiplier,audit.submit.asset_quote.price,audit.submit.asset_quote.bid,audit.submit.asset_quote.ask,audit.submit.asset_quote.mid_price,audit.submit.asset_quote.bid_size,audit.submit.asset_quote.ask_size,audit.submit.asset_quote.timestamp,audit.submit.asset_quote.raw_json,audit.submit.asset_quote.snapshot_only.price,audit.submit.asset_quote.snapshot_only.bid,audit.submit.asset_quote.snapshot_only.ask,audit.submit.asset_quote.snapshot_only.mid_price,audit.submit.asset_quote.snapshot_only.bid_size,audit.submit.asset_quote.snapshot_only.ask_size,audit.submit.asset_quote.snapshot_only.timestamp,audit.submit.asset_quote.snapshot_only.raw_json,audit.submit.underlying.symbol,audit.submit.underlying_quote.price,audit.submit.underlying_quote.mid_price,audit.submit.underlying_quote.timestamp,audit.submit.underlying_quote.raw_json,audit.submit.underlying_quote.snapshot_only.price,audit.submit.underlying_quote.snapshot_only.mid_price,audit.submit.underlying_quote.snapshot_only.timestamp,audit.submit.underlying_quote.snapshot_only.raw_json,audit.fill.model,audit.fill.price,audit.asset_quote.final_bid,audit.asset_quote.final_ask,audit.asset_quote.snapshot_only_used,audit.asset_quote.price,audit.asset_quote.bid,audit.asset_quote.ask,audit.asset_quote.mid_price,audit.asset_quote.bid_size,audit.asset_quote.ask_size,audit.asset_quote.timestamp,audit.asset_quote.raw_json,audit.underlying.symbol,audit.underlying.asset_type,audit.underlying_quote.price,audit.underlying_quote.mid_price,audit.underlying_quote.timestamp,audit.underlying_quote.raw_json,price_source
2025-01-21 10:15:00-05:00,SPXShortStraddle,,0bed86a848284855a2fa57398631ba92,SPXW,sell,market,new,,,1,,0.0,gtc,CALL,6020.0,100,2025-01-21,option,1.0,2025-01-21T10:15:00-05:00,None,market,sell_to_open,gtc,1,,,SPXW,option,CALL,6020.0,2025-01-21,100.0,8.850000000000001,8.8,8.9,8.850000000000001,67.0,1.0,2025-01-21T10:15:00-05:00,"{""ask"": 8.9, ""ask_condition"": ""50"", ""ask_exchange"": ""5"", ""ask_size"": ""1"", ""bid"": 8.8, ""bid_condition"": ""50"", ""bid_exchange"": ""5"", ""bid_size"": ""67"", ""close"": null, ""high"": null, ""low"": null, ""open"": null, ""volume"": null}",8.850000000000001,8.8,8.9,8.850000000000001,67.0,1.0,2025-01-21T10:15:00-05:00,"{""ask"": 8.9, ""ask_condition"": ""50"", ""ask_exchange"": ""5"", ""ask_size"": ""1"", ""bid"": 8.8, ""bid_condition"": ""50"", ""bid_exchange"": ""5"", ""bid_size"": ""67"", ""close"": null, ""high"": null, ""low"": null, ""open"": null, ""volume"": null}",SPX,6012.19,6012.19,2025-01-21T10:15:00-05:00,"{""ask"": null, ""ask_condition"": null, ""ask_exchange"": null, ""ask_size"": null, ""bid"": null, ""bid_condition"": null, ""bid_exchange"": null, ""bid_size"": null, ""close"": 6012.19, ""high"": 6012.19, ""low"": 6008.04, ""open"": 6009.2, ""volume"": 0.0}",6012.19,6012.19,2025-01-21T10:15:00-05:00,"{""ask"": null, ""ask_condition"": null, ""ask_exchange"": null, ""ask_size"": null, ""bid"": null, ""bid_condition"": null, ""bid_exchange"": null, ""bid_size"": null, ""close"": 6012.19, ""high"": 6012.19, ""low"": 6008.04, ""open"": 6009.2, ""volume"": 0.0}",,,,,,,,,,,,,,,,,,,,
2025-01-21 10:15:00-05:00,SPXShortStraddle,,7436dd9bf43d4e57b725d8a102992396,SPXW,sell,market,new,,,1,,0.0,gtc,PUT,6005.0,100,2025-01-21,option,1.0,2025-01-21T10:15:00-05:00,None,market,sell_to_open,gtc,1,,,SPXW,option,PUT,6005.0,2025-01-21,100.0,11.05,11.0,11.1,11.05,13.0,12.0,2025-01-21T10:15:00-05:00,"{""ask"": 11.1, ""ask_condition"": ""50"", ""ask_exchange"": ""5"", ""ask_size"": ""12"", ""bid"": 11.0, ""bid_condition"": ""50"", ""bid_exchange"": ""5"", ""bid_size"": ""13"", ""close"": null, ""high"": null, ""low"": null, ""open"": null, ""volume"": null}",11.05,11.0,11.1,11.05,13.0,12.0,2025-01-21T10:15:00-05:00,"{""ask"": 11.1, ""ask_condition"": ""50"", ""ask_exchange"": ""5"", ""ask_size"": ""12"", ""bid"": 11.0, ""bid_condition"": ""50"", ""bid_exchange"": ""5"", ""bid_size"": ""13"", ""close"": null, ""high"": null, ""low"": null, ""open"": null, ""volume"": null}",SPX,6012.19,6012.19,2025-01-21T10:15:00-05:00,"{""ask"": null, ""ask_condition"": null, ""ask_exchange"": null, ""ask_size"": null, ""bid"": null, ""bid_condition"": null, ""bid_exchange"": null, ""bid_size"": null, ""close"": 6012.19, ""high"": 6012.19, ""low"": 6008.04, ""open"": 6009.2, ""volume"": 0.0}",6012.19,6012.19,2025-01-21T10:15:00-05:00,"{""ask"": null, ""ask_condition"": null, ""ask_exchange"": null, ""ask_size"": null, ""bid"": null, ""bid_condition"": null, ""bid_exchange"": null, ""bid_size"": null, ""close"": 6012.19, ""high"": 6012.19, ""low"": 6008.04, ""open"": 6009.2, ""volume"": 0.0}",,,,,,,,,,,,,,,,,,,,
2025-01-21 10:15:00-05:00,SPXShortStraddle,,91dcc599c8834f9b8b87feeb6f3d25f7,SPXW,sell,market,new,,,1,,0.0,day,,0.0,1,,multileg,,,,,,,,,,,,,,,,,,,,,,,,,,,,,,,,,,,,,,,,,,,,,,,,,,,,,,,,,,,,
2025-01-21 10:15:00-05:00,SPXShortStraddle,,0bed86a848284855a2fa57398631ba92,SPXW,sell,market,fill,8.8,1.0,100,0.0,0.0,gtc,CALL,6020.0,100,2025-01-21,option,1.0,,,,,,,,,,,,,,,,,,,,,,,,,,,,,,,,,,,,,,,,quote_market,8.8,8.8,8.9,False,8.850000000000001,8.8,8.9,8.850000000000001,67.0,1.0,2025-01-21T10:15:00-05:00,"{""ask"": 8.9, ""ask_condition"": ""50"", ""ask_exchange"": ""5"", ""ask_size"": ""1"", ""bid"": 8.8, ""bid_condition"": ""50"", ""bid_exchange"": ""5"", ""bid_size"": ""67"", ""close"": null, ""high"": null, ""low"": null, ""open"": null, ""volume"": null}",SPX,index,6012.19,6012.19,2025-01-21T10:15:00-05:00,"{""ask"": null, ""ask_condition"": null, ""ask_exchange"": null, ""ask_size"": null, ""bid"": null, ""bid_condition"": null, ""bid_exchange"": null, ""bid_size"": null, ""close"": 6012.19, ""high"": 6012.19, ""low"": 6008.04, ""open"": 6009.2, ""volume"": 0.0}",quote
2025-01-21 10:15:00-05:00,SPXShortStraddle,,7436dd9bf43d4e57b725d8a102992396,SPXW,sell,market,fill,11.0,1.0,100,0.0,0.0,gtc,PUT,6005.0,100,2025-01-21,option,1.0,,,,,,,,,,,,,,,,,,,,,,,,,,,,,,,,,,,,,,,,quote_market,11.0,11.0,11.1,False,11.05,11.0,11.1,11.05,13.0,12.0,2025-01-21T10:15:00-05:00,"{""ask"": 11.1, ""ask_condition"": ""50"", ""ask_exchange"": ""5"", ""ask_size"": ""12"", ""bid"": 11.0, ""bid_condition"": ""50"", ""bid_exchange"": ""5"", ""bid_size"": ""13"", ""close"": null, ""high"": null, ""low"": null, ""open"": null, ""volume"": null}",SPX,index,6012.19,6012.19,2025-01-21T10:15:00-05:00,"{""ask"": null, ""ask_condition"": null, ""ask_exchange"": null, ""ask_size"": null, ""bid"": null, ""bid_condition"": null, ""bid_exchange"": null, ""bid_size"": null, ""close"": 6012.19, ""high"": 6012.19, ""low"": 6008.04, ""open"": 6009.2, ""volume"": 0.0}",quote
2025-01-21 11:03:00-05:00,SPXShortStraddle,,5aa93dc77d2047aeb2a973db2e595960,SPXW,buy,market,new,,,1,,0.0,gtc,CALL,6020.0,100,2025-01-21,option,1.0,2025-01-21T11:03:00-05:00,None,market,buy_to_close,gtc,1,,,SPXW,option,CALL,6020.0,2025-01-21,100.0,10.25,10.2,10.3,10.25,25.0,16.0,2025-01-21T11:03:00-05:00,,10.25,10.2,10.3,10.25,25.0,16.0,2025-01-21T11:03:00-05:00,,SPX,6021.38,6021.38,2025-01-21T11:03:00-05:00,,6021.38,6021.38,2025-01-21T11:03:00-05:00,,,,,,,,,,,,,,,,,,,,,
2025-01-21 11:03:00-05:00,SPXShortStraddle,,fa59600d34424d3e86490f2516078d10,SPXW,buy,market,new,,,1,,0.0,gtc,PUT,6005.0,100,2025-01-21,option,1.0,2025-01-21T11:03:00-05:00,None,market,buy_to_close,gtc,1,,,SPXW,option,PUT,6005.0,2025-01-21,100.0,4.6,4.5,4.7,4.6,64.0,116.0,2025-01-21T11:03:00-05:00,,4.6,4.5,4.7,4.6,64.0,116.0,2025-01-21T11:03:00-05:00,,SPX,6021.38,6021.38,2025-01-21T11:03:00-05:00,,6021.38,6021.38,2025-01-21T11:03:00-05:00,,,,,,,,,,,,,,,,,,,,,
2025-01-21 11:03:00-05:00,SPXShortStraddle,,19d51d8c02514a57bd1038e54a549a7f,SPXW,buy,market,new,,,1,,0.0,day,,0.0,1,,multileg,,,,,,,,,,,,,,,,,,,,,,,,,,,,,,,,,,,,,,,,,,,,,,,,,,,,,,,,,,,,
2025-01-21 11:03:00-05:00,SPXShortStraddle,,5aa93dc77d2047aeb2a973db2e595960,SPXW,buy,market,fill,10.3,1.0,100,0.0,0.0,gtc,CALL,6020.0,100,2025-01-21,option,1.0,,,,,,,,,,,,,,,,,,,,,,,,,,,,,,,,,,,,,,,,quote_market,10.3,10.2,10.3,False,10.25,10.2,10.3,10.25,25.0,16.0,2025-01-21T11:03:00-05:00,,SPX,index,6021.38,6021.38,2025-01-21T11:03:00-05:00,,quote
2025-01-21 11:03:00-05:00,SPXShortStraddle,,fa59600d34424d3e86490f2516078d10,SPXW,buy,market,fill,4.7,1.0,100,0.0,0.0,gtc,PUT,6005.0,100,2025-01-21,option,1.0,,,,,,,,,,,,,,,,,,,,,,,,,,,,,,,,,,,,,,,,quote_market,4.7,4.5,4.7,False,4.6,4.5,4.7,4.6,64.0,116.0,2025-01-21T11:03:00-05:00,,SPX,index,6021.38,6021.38,2025-01-21T11:03:00-05:00,,quote
2025-01-22 10:15:00-05:00,SPXShortStraddle,,8cb0cd9ee4354459be6ffbed659c433d,SPXW,sell,market,new,,,1,,0.0,gtc,CALL,6095.0,100,2025-01-22,option,1.0,2025-01-22T10:15:00-05:00,None,market,sell_to_open,gtc,1,,,SPXW,option,CALL,6095.0,2025-01-22,100.0,5.6,5.5,5.7,5.6,139.0,143.0,2025-01-22T10:15:00-05:00,"{""ask"": 5.7, ""ask_condition"": ""50"", ""ask_exchange"": ""5"", ""ask_size"": ""143"", ""bid"": 5.5, ""bid_condition"": ""50"", ""bid_exchange"": ""5"", ""bid_size"": ""139"", ""close"": null, ""high"": null, ""low"": null, ""open"": null, ""volume"": null}",5.6,5.5,5.7,5.6,139.0,143.0,2025-01-22T10:15:00-05:00,"{""ask"": 5.7, ""ask_condition"": ""50"", ""ask_exchange"": ""5"", ""ask_size"": ""143"", ""bid"": 5.5, ""bid_condition"": ""50"", ""bid_exchange"": ""5"", ""bid_size"": ""139"", ""close"": null, ""high"": null, ""low"": null, ""open"": null, ""volume"": null}",SPX,6091.83,6091.83,2025-01-22T10:15:00-05:00,,6091.83,6091.83,2025-01-22T10:15:00-05:00,,,,,,,,,,,,,,,,,,,,,
2025-01-22 10:15:00-05:00,SPXShortStraddle,,5429df729319477d9fa5ddcbd0e9131c,SPXW,sell,market,new,,,1,,0.0,gtc,PUT,6085.0,100,2025-01-22,option,1.0,2025-01-22T10:15:00-05:00,None,market,sell_to_open,gtc,1,,,SPXW,option,PUT,6085.0,2025-01-22,100.0,7.699999999999999,7.6,7.8,7.699999999999999,80.0,89.0,2025-01-22T10:15:00-05:00,"{""ask"": 7.8, ""ask_condition"": ""50"", ""ask_exchange"": ""5"", ""ask_size"": ""89"", ""bid"": 7.6, ""bid_condition"": ""50"", ""bid_exchange"": ""5"", ""bid_size"": ""80"", ""close"": null, ""high"": null, ""low"": null, ""open"": null, ""volume"": null}",7.699999999999999,7.6,7.8,7.699999999999999,80.0,89.0,2025-01-22T10:15:00-05:00,"{""ask"": 7.8, ""ask_condition"": ""50"", ""ask_exchange"": ""5"", ""ask_size"": ""89"", ""bid"": 7.6, ""bid_condition"": ""50"", ""bid_exchange"": ""5"", ""bid_size"": ""80"", ""close"": null, ""high"": null, ""low"": null, ""open"": null, ""volume"": null}",SPX,6091.83,6091.83,2025-01-22T10:15:00-05:00,,6091.83,6091.83,2025-01-22T10:15:00-05:00,,,,,,,,,,,,,,,,,,,,,
2025-01-22 10:15:00-05:00,SPXShortStraddle,,737f89234f5a4483bf9a507ea3b21fe4,SPXW,sell,market,new,,,1,,0.0,day,,0.0,1,,multileg,,,,,,,,,,,,,,,,,,,,,,,,,,,,,,,,,,,,,,,,,,,,,,,,,,,,,,,,,,,,
2025-01-22 10:15:00-05:00,SPXShortStraddle,,8cb0cd9ee4354459be6ffbed659c433d,SPXW,sell,market,fill,5.5,1.0,100,0.0,0.0,gtc,CALL,6095.0,100,2025-01-22,option,1.0,,,,,,,,,,,,,,,,,,,,,,,,,,,,,,,,,,,,,,,,quote_market,5.5,5.5,5.7,False,5.6,5.5,5.7,5.6,139.0,143.0,2025-01-22T10:15:00-05:00,"{""ask"": 5.7, ""ask_condition"": ""50"", ""ask_exchange"": ""5"", ""ask_size"": ""143"", ""bid"": 5.5, ""bid_condition"": ""50"", ""bid_exchange"": ""5"", ""bid_size"": ""139"", ""close"": null, ""high"": null, ""low"": null, ""open"": null, ""volume"": null}",SPX,index,6091.83,6091.83,2025-01-22T10:15:00-05:00,,quote
2025-01-22 10:15:00-05:00,SPXShortStraddle,,5429df729319477d9fa5ddcbd0e9131c,SPXW,sell,market,fill,7.6,1.0,100,0.0,0.0,gtc,PUT,6085.0,100,2025-01-22,option,1.0,,,,,,,,,,,,,,,,,,,,,,,,,,,,,,,,,,,,,,,,quote_market,7.6,7.6,7.8,False,7.699999999999999,7.6,7.8,7.699999999999999,80.0,89.0,2025-01-22T10:15:00-05:00,"{""ask"": 7.8, ""ask_condition"": ""50"", ""ask_exchange"": ""5"", ""ask_size"": ""89"", ""bid"": 7.6, ""bid_condition"": ""50"", ""bid_exchange"": ""5"", ""bid_size"": ""80"", ""close"": null, ""high"": null, ""low"": null, ""open"": null, ""volume"": null}",SPX,index,6091.83,6091.83,2025-01-22T10:15:00-05:00,,quote
2025-01-22 11:11:00-05:00,SPXShortStraddle,,610307f4507d4d3e90cf9c66ea7de072,SPXW,buy,market,new,,,1,,0.0,gtc,CALL,6095.0,100,2025-01-22,option,1.0,2025-01-22T11:11:00-05:00,None,market,buy_to_close,gtc,1,,,SPXW,option,CALL,6095.0,2025-01-22,100.0,3.45,3.4,3.5,3.45,155.0,21.0,2025-01-22T11:11:00-05:00,,3.45,3.4,3.5,3.45,155.0,21.0,2025-01-22T11:11:00-05:00,,SPX,6085.81,6085.81,2025-01-22T11:11:00-05:00,,6085.81,6085.81,2025-01-22T11:11:00-05:00,,,,,,,,,,,,,,,,,,,,,
2025-01-22 11:11:00-05:00,SPXShortStraddle,,a820e12b44a24035ad71ecd58cc66f67,SPXW,buy,market,new,,,1,,0.0,gtc,PUT,6085.0,100,2025-01-22,option,1.0,2025-01-22T11:11:00-05:00,None,market,buy_to_close,gtc,1,,,SPXW,option,PUT,6085.0,2025-01-22,100.0,8.0,7.9,8.1,8.0,54.0,76.0,2025-01-22T11:11:00-05:00,,8.0,7.9,8.1,8.0,54.0,76.0,2025-01-22T11:11:00-05:00,,SPX,6085.81,6085.81,2025-01-22T11:11:00-05:00,,6085.81,6085.81,2025-01-22T11:11:00-05:00,,,,,,,,,,,,,,,,,,,,,
2025-01-22 11:11:00-05:00,SPXShortStraddle,,44f069df891e4a3cb52a538aa8c6f5de,SPXW,buy,market,new,,,1,,0.0,day,,0.0,1,,multileg,,,,,,,,,,,,,,,,,,,,,,,,,,,,,,,,,,,,,,,,,,,,,,,,,,,,,,,,,,,,
2025-01-22 11:11:00-05:00,SPXShortStraddle,,610307f4507d4d3e90cf9c66ea7de072,SPXW,buy,market,fill,3.5,1.0,100,0.0,0.0,gtc,CALL,6095.0,100,2025-01-22,option,1.0,,,,,,,,,,,,,,,,,,,,,,,,,,,,,,,,,,,,,,,,quote_market,3.5,3.4,3.5,False,3.45,3.4,3.5,3.45,155.0,21.0,2025-01-22T11:11:00-05:00,,SPX,index,6085.81,6085.81,2025-01-22T11:11:00-05:00,,quote
2025-01-22 11:11:00-05:00,SPXShortStraddle,,a820e12b44a24035ad71ecd58cc66f67,SPXW,buy,market,fill,8.1,1.0,100,0.0,0.0,gtc,PUT,6085.0,100,2025-01-22,option,1.0,,,,,,,,,,,,,,,,,,,,,,,,,,,,,,,,,,,,,,,,quote_market,8.1,7.9,8.1,False,8.0,7.9,8.1,8.0,54.0,76.0,2025-01-22T11:11:00-05:00,,SPX,index,6085.81,6085.81,2025-01-22T11:11:00-05:00,,quote
2025-01-23 10:15:00-05:00,SPXShortStraddle,,bef8d8337e0f4836a870accd087a86ff,SPXW,sell,market,new,,,1,,0.0,gtc,CALL,6085.0,100,2025-01-23,option,1.0,2025-01-23T10:15:00-05:00,None,market,sell_to_open,gtc,1,,,SPXW,option,CALL,6085.0,2025-01-23,100.0,6.75,6.7,6.8,6.75,133.0,88.0,2025-01-23T10:15:00-05:00,"{""ask"": 6.8, ""ask_condition"": ""50"", ""ask_exchange"": ""5"", ""ask_size"": ""88"", ""bid"": 6.7, ""bid_condition"": ""50"", ""bid_exchange"": ""5"", ""bid_size"": ""133"", ""close"": null, ""high"": null, ""low"": null, ""open"": null, ""volume"": null}",6.75,6.7,6.8,6.75,133.0,88.0,2025-01-23T10:15:00-05:00,"{""ask"": 6.8, ""ask_condition"": ""50"", ""ask_exchange"": ""5"", ""ask_size"": ""88"", ""bid"": 6.7, ""bid_condition"": ""50"", ""bid_exchange"": ""5"", ""bid_size"": ""133"", ""close"": null, ""high"": null, ""low"": null, ""open"": null, ""volume"": null}",SPX,6082.3,6082.3,2025-01-23T10:15:00-05:00,,6082.3,6082.3,2025-01-23T10:15:00-05:00,,,,,,,,,,,,,,,,,,,,,
2025-01-23 10:15:00-05:00,SPXShortStraddle,,9b6a50b88fb84a4ead71dce2c4135668,SPXW,sell,market,new,,,1,,0.0,gtc,PUT,6075.0,100,2025-01-23,option,1.0,2025-01-23T10:15:00-05:00,None,market,sell_to_open,gtc,1,,,SPXW,option,PUT,6075.0,2025-01-23,100.0,6.15,6.1,6.2,6.15,93.0,4.0,2025-01-23T10:15:00-05:00,"{""ask"": 6.2, ""ask_condition"": ""50"", ""ask_exchange"": ""5"", ""ask_size"": ""4"", ""bid"": 6.1, ""bid_condition"": ""50"", ""bid_exchange"": ""5"", ""bid_size"": ""93"", ""close"": null, ""high"": null, ""low"": null, ""open"": null, ""volume"": null}",6.15,6.1,6.2,6.15,93.0,4.0,2025-01-23T10:15:00-05:00,"{""ask"": 6.2, ""ask_condition"": ""50"", ""ask_exchange"": ""5"", ""ask_size"": ""4"", ""bid"": 6.1, ""bid_condition"": ""50"", ""bid_exchange"": ""5"", ""bid_size"": ""93"", ""close"": null, ""high"": null, ""low"": null, ""open"": null, ""volume"": null}",SPX,6082.3,6082.3,2025-01-23T10:15:00-05:00,,6082.3,6082.3,2025-01-23T10:15:00-05:00,,,,,,,,,,,,,,,,,,,,,
2025-01-23 10:15:00-05:00,SPXShortStraddle,,116f681761f84a40816f5c339409f18d,SPXW,sell,market,new,,,1,,0.0,day,,0.0,1,,multileg,,,,,,,,,,,,,,,,,,,,,,,,,,,,,,,,,,,,,,,,,,,,,,,,,,,,,,,,,,,,
2025-01-23 10:15:00-05:00,SPXShortStraddle,,bef8d8337e0f4836a870accd087a86ff,SPXW,sell,market,fill,6.7,1.0,100,0.0,0.0,gtc,CALL,6085.0,100,2025-01-23,option,1.0,,,,,,,,,,,,,,,,,,,,,,,,,,,,,,,,,,,,,,,,quote_market,6.7,6.7,6.8,False,6.75,6.7,6.8,6.75,133.0,88.0,2025-01-23T10:15:00-05:00,"{""ask"": 6.8, ""ask_condition"": ""50"", ""ask_exchange"": ""5"", ""ask_size"": ""88"", ""bid"": 6.7, ""bid_condition"": ""50"", ""bid_exchange"": ""5"", ""bid_size"": ""133"", ""close"": null, ""high"": null, ""low"": null, ""open"": null, ""volume"": null}",SPX,index,6082.3,6082.3,2025-01-23T10:15:00-05:00,,quote
2025-01-23 10:15:00-05:00,SPXShortStraddle,,9b6a50b88fb84a4ead71dce2c4135668,SPXW,sell,market,fill,6.1,1.0,100,0.0,0.0,gtc,PUT,6075.0,100,2025-01-23,option,1.0,,,,,,,,,,,,,,,,,,,,,,,,,,,,,,,,,,,,,,,,quote_market,6.1,6.1,6.2,False,6.15,6.1,6.2,6.15,93.0,4.0,2025-01-23T10:15:00-05:00,"{""ask"": 6.2, ""ask_condition"": ""50"", ""ask_exchange"": ""5"", ""ask_size"": ""4"", ""bid"": 6.1, ""bid_condition"": ""50"", ""bid_exchange"": ""5"", ""bid_size"": ""93"", ""close"": null, ""high"": null, ""low"": null, ""open"": null, ""volume"": null}",SPX,index,6082.3,6082.3,2025-01-23T10:15:00-05:00,,quote
2025-01-23 10:46:00-05:00,SPXShortStraddle,,f65b751a5e554f1b968db2fa91610741,SPXW,buy,market,new,,,1,,0.0,gtc,CALL,6085.0,100,2025-01-23,option,1.0,2025-01-23T10:46:00-05:00,None,market,buy_to_close,gtc,1,,,SPXW,option,CALL,6085.0,2025-01-23,100.0,8.95,8.9,9.0,8.95,40.0,26.0,2025-01-23T10:46:00-05:00,,8.95,8.9,9.0,8.95,40.0,26.0,2025-01-23T10:46:00-05:00,,SPX,6088.81,6088.81,2025-01-23T10:46:00-05:00,,6088.81,6088.81,2025-01-23T10:46:00-05:00,,,,,,,,,,,,,,,,,,,,,
2025-01-23 10:46:00-05:00,SPXShortStraddle,,0d01b65fe9974ba2b6cb563fe7c5c299,SPXW,buy,market,new,,,1,,0.0,gtc,PUT,6075.0,100,2025-01-23,option,1.0,2025-01-23T10:46:00-05:00,None,market,buy_to_close,gtc,1,,,SPXW,option,PUT,6075.0,2025-01-23,100.0,3.5,3.4,3.6,3.5,222.0,187.0,2025-01-23T10:46:00-05:00,,3.5,3.4,3.6,3.5,222.0,187.0,2025-01-23T10:46:00-05:00,,SPX,6088.81,6088.81,2025-01-23T10:46:00-05:00,,6088.81,6088.81,2025-01-23T10:46:00-05:00,,,,,,,,,,,,,,,,,,,,,
2025-01-23 10:46:00-05:00,SPXShortStraddle,,ba9aa562dd5040c6ae8b75b0e5b7b0df,SPXW,buy,market,new,,,1,,0.0,day,,0.0,1,,multileg,,,,,,,,,,,,,,,,,,,,,,,,,,,,,,,,,,,,,,,,,,,,,,,,,,,,,,,,,,,,
2025-01-23 10:46:00-05:00,SPXShortStraddle,,f65b751a5e554f1b968db2fa91610741,SPXW,buy,market,fill,9.0,1.0,100,0.0,0.0,gtc,CALL,6085.0,100,2025-01-23,option,1.0,,,,,,,,,,,,,,,,,,,,,,,,,,,,,,,,,,,,,,,,quote_market,9.0,8.9,9.0,False,8.95,8.9,9.0,8.95,40.0,26.0,2025-01-23T10:46:00-05:00,,SPX,index,6088.81,6088.81,2025-01-23T10:46:00-05:00,,quote
2025-01-23 10:46:00-05:00,SPXShortStraddle,,0d01b65fe9974ba2b6cb563fe7c5c299,SPXW,buy,market,fill,3.6,1.0,100,0.0,0.0,gtc,PUT,6075.0,100,2025-01-23,option,1.0,,,,,,,,,,,,,,,,,,,,,,,,,,,,,,,,,,,,,,,,quote_market,3.6,3.4,3.6,False,3.5,3.4,3.6,3.5,222.0,187.0,2025-01-23T10:46:00-05:00,,SPX,index,6088.81,6088.81,2025-01-23T10:46:00-05:00,,quote
2025-01-23 10:59:00-05:00,SPXShortStraddle,,c3d2e9386aeb494aa6efe5178b1c99e7,SPXW,sell,market,new,,,1,,0.0,gtc,CALL,6095.0,100,2025-01-23,option,1.0,2025-01-23T10:59:00-05:00,None,market,sell_to_open,gtc,1,,,SPXW,option,CALL,6095.0,2025-01-23,100.0,4.65,4.6,4.7,4.65,31.0,80.0,2025-01-23T10:59:00-05:00,"{""ask"": 4.7, ""ask_condition"": ""50"", ""ask_exchange"": ""5"", ""ask_size"": ""80"", ""bid"": 4.6, ""bid_condition"": ""50"", ""bid_exchange"": ""5"", ""bid_size"": ""31"", ""close"": null, ""high"": null, ""low"": null, ""open"": null, ""volume"": null}",4.65,4.6,4.7,4.65,31.0,80.0,2025-01-23T10:59:00-05:00,"{""ask"": 4.7, ""ask_condition"": ""50"", ""ask_exchange"": ""5"", ""ask_size"": ""80"", ""bid"": 4.6, ""bid_condition"": ""50"", ""bid_exchange"": ""5"", ""bid_size"": ""31"", ""close"": null, ""high"": null, ""low"": null, ""open"": null, ""volume"": null}",SPX,6090.61,6090.61,2025-01-23T10:59:00-05:00,,6090.61,6090.61,2025-01-23T10:59:00-05:00,,,,,,,,,,,,,,,,,,,,,
2025-01-23 10:59:00-05:00,SPXShortStraddle,,eaf2866629924694815a4fea88b5f431,SPXW,sell,market,new,,,1,,0.0,gtc,PUT,6085.0,100,2025-01-23,option,1.0,2025-01-23T10:59:00-05:00,None,market,sell_to_open,gtc,1,,,SPXW,option,PUT,6085.0,2025-01-23,100.0,5.95,5.9,6.0,5.95,50.0,27.0,2025-01-23T10:59:00-05:00,"{""ask"": 6.0, ""ask_condition"": ""50"", ""ask_exchange"": ""5"", ""ask_size"": ""27"", ""bid"": 5.9, ""bid_condition"": ""50"", ""bid_exchange"": ""5"", ""bid_size"": ""50"", ""close"": null, ""high"": null, ""low"": null, ""open"": null, ""volume"": null}",5.95,5.9,6.0,5.95,50.0,27.0,2025-01-23T10:59:00-05:00,"{""ask"": 6.0, ""ask_condition"": ""50"", ""ask_exchange"": ""5"", ""ask_size"": ""27"", ""bid"": 5.9, ""bid_condition"": ""50"", ""bid_exchange"": ""5"", ""bid_size"": ""50"", ""close"": null, ""high"": null, ""low"": null, ""open"": null, ""volume"": null}",SPX,6090.61,6090.61,2025-01-23T10:59:00-05:00,,6090.61,6090.61,2025-01-23T10:59:00-05:00,,,,,,,,,,,,,,,,,,,,,
2025-01-23 10:59:00-05:00,SPXShortStraddle,,5eacc6bc5b2d4f77bf57a1d9fd830627,SPXW,sell,market,new,,,1,,0.0,day,,0.0,1,,multileg,,,,,,,,,,,,,,,,,,,,,,,,,,,,,,,,,,,,,,,,,,,,,,,,,,,,,,,,,,,,
2025-01-23 10:59:00-05:00,SPXShortStraddle,,c3d2e9386aeb494aa6efe5178b1c99e7,SPXW,sell,market,fill,4.6,1.0,100,0.0,0.0,gtc,CALL,6095.0,100,2025-01-23,option,1.0,,,,,,,,,,,,,,,,,,,,,,,,,,,,,,,,,,,,,,,,quote_market,4.6,4.6,4.7,False,4.65,4.6,4.7,4.65,31.0,80.0,2025-01-23T10:59:00-05:00,"{""ask"": 4.7, ""ask_condition"": ""50"", ""ask_exchange"": ""5"", ""ask_size"": ""80"", ""bid"": 4.6, ""bid_condition"": ""50"", ""bid_exchange"": ""5"", ""bid_size"": ""31"", ""close"": null, ""high"": null, ""low"": null, ""open"": null, ""volume"": null}",SPX,index,6090.61,6090.61,2025-01-23T10:59:00-05:00,,quote
2025-01-23 10:59:00-05:00,SPXShortStraddle,,eaf2866629924694815a4fea88b5f431,SPXW,sell,market,fill,5.9,1.0,100,0.0,0.0,gtc,PUT,6085.0,100,2025-01-23,option,1.0,,,,,,,,,,,,,,,,,,,,,,,,,,,,,,,,,,,,,,,,quote_market,5.9,5.9,6.0,False,5.95,5.9,6.0,5.95,50.0,27.0,2025-01-23T10:59:00-05:00,"{""ask"": 6.0, ""ask_condition"": ""50"", ""ask_exchange"": ""5"", ""ask_size"": ""27"", ""bid"": 5.9, ""bid_condition"": ""50"", ""bid_exchange"": ""5"", ""bid_size"": ""50"", ""close"": null, ""high"": null, ""low"": null, ""open"": null, ""volume"": null}",SPX,index,6090.61,6090.61,2025-01-23T10:59:00-05:00,,quote
2025-01-23 11:02:00-05:00,SPXShortStraddle,,cfc75f89c2d24ba7b31f484462d4cfdb,SPXW,buy,market,new,,,1,,0.0,gtc,CALL,6095.0,100,2025-01-23,option,1.0,2025-01-23T11:02:00-05:00,None,market,buy_to_close,gtc,1,,,SPXW,option,CALL,6095.0,2025-01-23,100.0,6.95,6.9,7.0,6.95,26.0,3.0,2025-01-23T11:02:00-05:00,,6.95,6.9,7.0,6.95,26.0,3.0,2025-01-23T11:02:00-05:00,,SPX,6094.49,6094.49,2025-01-23T11:02:00-05:00,,6094.49,6094.49,2025-01-23T11:02:00-05:00,,,,,,,,,,,,,,,,,,,,,
2025-01-23 11:02:00-05:00,SPXShortStraddle,,7bd0e4c8eb634b79b0fe68bd2f2943f2,SPXW,buy,market,new,,,1,,0.0,gtc,PUT,6085.0,100,2025-01-23,option,1.0,2025-01-23T11:02:00-05:00,None,market,buy_to_close,gtc,1,,,SPXW,option,PUT,6085.0,2025-01-23,100.0,4.800000000000001,4.7,4.9,4.800000000000001,127.0,155.0,2025-01-23T11:02:00-05:00,,4.800000000000001,4.7,4.9,4.800000000000001,127.0,155.0,2025-01-23T11:02:00-05:00,,SPX,6094.49,6094.49,2025-01-23T11:02:00-05:00,,6094.49,6094.49,2025-01-23T11:02:00-05:00,,,,,,,,,,,,,,,,,,,,,
2025-01-23 11:02:00-05:00,SPXShortStraddle,,dd5f51be1dc14e1cbf6439bf56513fae,SPXW,buy,market,new,,,1,,0.0,day,,0.0,1,,multileg,,,,,,,,,,,,,,,,,,,,,,,,,,,,,,,,,,,,,,,,,,,,,,,,,,,,,,,,,,,,
2025-01-23 11:02:00-05:00,SPXShortStraddle,,cfc75f89c2d24ba7b31f484462d4cfdb,SPXW,buy,market,fill,7.0,1.0,100,0.0,0.0,gtc,CALL,6095.0,100,2025-01-23,option,1.0,,,,,,,,,,,,,,,,,,,,,,,,,,,,,,,,,,,,,,,,quote_market,7.0,6.9,7.0,False,6.95,6.9,7.0,6.95,26.0,3.0,2025-01-23T11:02:00-05:00,,SPX,index,6094.49,6094.49,2025-01-23T11:02:00-05:00,,quote
2025-01-23 11:02:00-05:00,SPXShortStraddle,,7bd0e4c8eb634b79b0fe68bd2f2943f2,SPXW,buy,market,fill,4.9,1.0,100,0.0,0.0,gtc,PUT,6085.0,100,2025-01-23,option,1.0,,,,,,,,,,,,,,,,,,,,,,,,,,,,,,,,,,,,,,,,quote_market,4.9,4.7,4.9,False,4.800000000000001,4.7,4.9,4.800000000000001,127.0,155.0,2025-01-23T11:02:00-05:00,,SPX,index,6094.49,6094.49,2025-01-23T11:02:00-05:00,,quote
